,City,Lat,Long,Max Temp,Humidity,Wind,Cloudiness,Country,Date
0,thompson,55.7435,-97.8558,-2.2,84,5.75,90,CA,1611098300
1,butaritari,3.0707,172.7902,80.13,81,21.0,84,KI,1611098300
2,punta arenas,-53.15,-70.9167,62.6,48,6.91,0,CL,1611098301
3,vestmannaeyjar,63.4427,-20.2734,36.3,79,18.52,1,IS,1611098301
4,corinto,37.9407,22.9573,36.0,66,3.0,0,GR,1611098302
5,sur,22.5667,59.5289,68.2,56,3.53,0,OM,1611098302
6,benxi,41.2886,123.765,26.6,68,15.66,90,CN,1611098302
7,rikitea,-23.1203,-134.9692,78.55,77,15.32,20,PF,1611098302
8,isiolo,0.3546,37.5822,67.82,44,4.65,94,KE,1611098303
9,ushuaia,-54.8,-68.3,59.0,58,9.22,20,AR,1611098303
10,asau,46.4333,26.4,19.0,100,2.3,95,RO,1611098303
11,gorontalo,0.5412,123.0595,78.78,80,1.83,100,ID,1611098303
12,bredasdorp,-34.5322,20.0403,62.6,72,4.61,44,ZA,1611098276
13,margate,51.3813,1.3862,48.99,80,10.0,100,GB,1611098120
14,hithadhoo,-0.6,73.0833,80.71,71,10.65,9,MV,1611098304
15,parry sound,45.3501,-80.033,28.99,93,8.9,100,CA,1611098304
16,vila velha,-20.3297,-40.2925,79.0,73,10.36,0,BR,1611098304
17,sechura,-5.5569,-80.8222,79.61,57,16.62,90,PE,1611098305
18,umm lajj,25.0213,37.2685,65.88,57,13.11,17,SA,1611098305
19,gat,31.61,34.7642,52.0,100,3.0,100,IL,1611098161
20,atuona,-9.8,-139.0333,78.24,73,11.18,17,PF,1611098200
21,cockburn town,21.4612,-71.1419,77.0,78,11.5,40,TC,1611098306
22,lons-le-saunier,46.75,5.75,42.01,74,1.99,100,FR,1611098306
23,new norfolk,-42.7826,147.0587,63.0,49,1.99,0,AU,1611098306
24,grindavik,63.8424,-22.4338,32.0,74,23.02,20,IS,1611098306
25,sao joao da barra,-21.6403,-41.0511,82.4,61,18.41,0,BR,1611098049
26,lazaro cardenas,17.9583,-102.2,81.99,61,6.13,21,MX,1611098307
27,shu,43.5983,73.7614,36.99,81,5.99,100,KZ,1611098307
28,olga,43.7444,135.2892,-3.77,74,6.46,0,RU,1611098307
29,vaini,-21.2,-175.2,87.8,70,9.22,40,TO,1611098308
30,hobart,-42.8794,147.3294,63.0,47,3.44,20,AU,1611098309
31,dingle,10.9995,122.6711,74.19,91,4.18,98,PH,1611098309
32,port alfred,-33.5906,26.891,66.99,91,4.0,23,ZA,1611098309
33,kautokeino,69.0125,23.0412,2.59,94,3.29,100,NO,1611098310
34,mackay,-21.15,149.2,82.99,78,16.11,40,AU,1611098310
35,bundu,23.1833,85.5833,64.4,63,2.68,20,IN,1611098310
36,carnarvon,-24.8667,113.6333,78.8,83,13.8,90,AU,1611098310
37,vagur,61.4732,-6.8119,39.81,71,9.51,71,FO,1611098311
38,narsaq,60.9167,-46.05,41.0,33,32.21,20,GL,1611098311
39,kodiak,57.79,-152.4072,35.6,64,11.27,90,US,1611098311
40,jamestown,42.097,-79.2353,28.0,86,6.91,90,US,1611098311
41,nikolskoye,59.7035,30.7861,23.0,86,4.47,75,RU,1611098222
42,kavieng,-2.5744,150.7967,82.22,78,13.49,96,PG,1611098312
43,khatanga,71.9667,102.5,-26.54,86,2.08,99,RU,1611098312
44,nanortalik,60.1432,-45.2371,26.1,85,10.54,29,GL,1611098312
45,sanchor,24.7553,71.7722,59.02,37,9.55,0,IN,1611098312
46,mataura,-46.1927,168.8643,46.99,92,10.0,100,NZ,1611098312
47,albany,42.6001,-73.9662,36.0,71,4.34,93,US,1611098303
48,murgab,37.4966,61.9714,39.2,75,6.91,0,TM,1611098313
49,goundam,16.4145,-3.6708,73.33,20,10.25,0,ML,1611098313
50,norman wells,65.282,-126.8329,12.2,85,20.71,75,CA,1611098313
51,castro,-24.7911,-50.0119,64.47,98,7.25,100,BR,1611098066
52,gusinoye ozero,51.1144,106.2614,4.89,88,2.98,99,RU,1611098314
53,naze,28.3667,129.4833,59.0,63,6.91,75,JP,1611098314
54,tasiilaq,65.6145,-37.6368,12.2,67,3.44,75,GL,1611098314
55,petit goave,18.4314,-72.8669,80.6,74,4.61,20,HT,1611098315
56,srednekolymsk,67.45,153.6833,-44.18,79,4.27,39,RU,1611098315
57,kaitangata,-46.2817,169.8464,53.01,63,14.0,100,NZ,1611098271
58,boaco,12.4722,-85.6586,86.0,65,13.8,40,NI,1611098315
59,okato,-39.2,173.8833,57.99,75,11.01,93,NZ,1611098316
60,puerto ayora,-0.7393,-90.3518,80.6,78,14.97,20,EC,1611098316
61,havoysund,70.9963,24.6622,19.4,63,6.91,0,NO,1611098317
62,kieta,-6.2167,155.6333,83.73,67,3.04,60,PG,1611098317
63,menongue,-14.6585,17.691,63.82,81,0.96,97,AO,1611098317
64,kyrnasivka,48.5955,28.979,11.88,91,5.21,0,UA,1611098318
65,cherskiy,68.75,161.3,-43.08,80,6.62,100,RU,1611098319
66,hofn,64.2539,-15.2082,38.28,76,15.26,40,IS,1611098319
67,tanggu,39.0211,117.6469,24.8,93,3.53,90,CN,1611098319
68,nelson bay,-32.7167,152.15,70.0,60,10.36,90,AU,1611098320
69,marsa matruh,31.3525,27.2453,48.2,87,11.5,40,EG,1611098320
70,bengkulu,-3.8004,102.2655,75.0,83,5.14,25,ID,1611098320
71,zig,40.127,-92.7663,37.4,60,14.97,40,US,1611098321
72,bilibino,68.0546,166.4372,-44.81,75,0.83,50,RU,1611098321
73,yellowknife,62.456,-114.3525,15.8,92,6.91,90,CA,1611098104
74,kapaa,22.0752,-159.319,69.8,100,23.02,90,US,1611098321
75,shimoda,34.6667,138.95,41.0,56,14.97,75,JP,1611098322
76,bluff,-46.6,168.3333,46.99,92,10.0,95,NZ,1611098322
77,husavik,66.0449,-17.3389,30.2,93,20.71,90,IS,1611098322
78,sambava,-14.2667,50.1667,73.0,93,7.25,100,MG,1611098323
79,atar,20.5169,-13.0499,60.78,26,11.9,75,MR,1611098324
80,bambous virieux,-20.3428,57.7575,79.0,94,3.44,20,MU,1611098324
81,busselton,-33.65,115.3333,66.99,97,8.03,9,AU,1611098318
82,nyagan,62.1406,65.3936,-10.21,85,8.19,78,RU,1611098325
83,fortuna,40.5982,-124.1573,60.01,50,12.66,1,US,1611098325
84,korla,41.7597,86.1469,18.5,84,3.51,70,CN,1611098326
85,hornepayne,49.2138,-84.7705,-6.36,91,4.14,100,CA,1611098326
86,gimbi,9.1667,35.8333,54.19,53,2.8,88,ET,1611098326
87,bar harbor,44.3876,-68.2039,28.0,42,3.44,1,US,1611098326
88,mahebourg,-20.4081,57.7,77.0,94,3.44,20,MU,1611098326
89,tual,-5.6667,132.75,84.06,75,11.45,95,ID,1611098327
90,cape town,-33.9258,18.4232,68.0,68,18.41,20,ZA,1611098195
91,lexington,37.9887,-84.4777,42.8,61,3.44,1,US,1611098037
92,klaksvik,62.2266,-6.589,35.6,87,8.05,20,FO,1611098328
93,esperance,-33.8667,121.9,78.8,38,18.41,40,AU,1611098328
94,avarua,-21.2078,-159.775,84.2,74,6.91,20,CK,1611098302
95,ulaangom,49.9811,92.0667,-15.57,82,2.57,94,MN,1611098329
96,necochea,-38.5473,-58.7368,75.99,66,3.0,1,AR,1611098329
97,jiazi,22.8779,116.067,58.32,68,12.1,78,CN,1611098329
98,imbituba,-28.24,-48.6703,68.0,94,9.22,75,BR,1611098235
99,axim,4.8699,-2.2405,78.69,87,9.28,33,GH,1611098329
100,seoul,37.5683,126.9778,17.6,79,2.3,0,KR,1611098055
101,san quintin,30.4833,-115.95,64.09,70,23.62,98,MX,1611098330
102,saint-philippe,-21.3585,55.7679,80.6,74,2.3,0,RE,1611098330
103,souillac,-20.5167,57.5167,77.0,94,3.44,20,MU,1611098330
104,carutapera,-1.195,-46.02,76.71,88,7.83,100,BR,1611098331
105,muros,42.7762,-9.0603,52.0,93,10.0,100,ES,1611098331
106,mosetse,-20.75,26.65,67.32,78,11.45,99,BW,1611098331
107,hermanus,-34.4187,19.2345,61.0,87,11.18,47,ZA,1611098331
108,lebu,-37.6167,-73.65,62.35,75,22.7,0,CL,1611098331
109,barrow,71.2906,-156.7887,-2.2,78,21.85,90,US,1611098332
110,gladstone,-23.85,151.25,84.2,54,16.11,40,AU,1611098332
111,samandag,36.0842,35.9771,41.0,93,6.91,75,TR,1611098332
112,port elizabeth,-33.918,25.5701,68.0,77,16.11,0,ZA,1611098332
113,alice springs,-23.7,133.8833,82.4,18,12.66,0,AU,1611098333
114,saldanha,-33.0117,17.9442,64.4,72,14.97,0,ZA,1611098096
115,roald,62.5833,6.1333,33.8,69,13.8,20,NO,1611098334
116,tahta,26.7693,31.5021,51.8,46,5.75,0,EG,1611098169
117,fort nelson,58.8053,-122.7002,39.2,45,31.07,40,CA,1611098334
118,qaanaaq,77.484,-69.3632,2.44,72,7.99,99,GL,1611098334
119,malatya,38.5,38.0,14.0,79,2.3,0,TR,1611098335
120,novoagansk,61.9449,76.6625,-29.06,85,6.02,25,RU,1611098335
121,new kensington,40.5698,-79.7648,35.6,60,6.91,90,US,1611098335
122,benghazi,32.1167,20.0667,55.63,58,15.41,35,LY,1611098335
123,ribeira grande,38.5167,-28.7,60.73,73,14.63,100,PT,1611098336
124,kiunga,-6.1219,141.2906,77.88,94,0.74,99,PG,1611098336
125,faya,18.3851,42.4509,55.4,94,9.22,0,SA,1611098336
126,masumbwe,-3.6333,32.1833,64.24,94,2.04,97,TZ,1611098336
127,nenjiang,49.1833,125.2167,-8.63,89,9.13,62,CN,1611098337
128,los llanos de aridane,28.6585,-17.9182,60.8,72,6.91,40,ES,1611098337
129,hilo,19.7297,-155.09,80.6,61,8.05,75,US,1611097816
130,ancud,-41.8697,-73.8203,70.0,68,6.91,0,CL,1611098338
131,trunovskoye,45.4878,42.1358,17.6,86,4.47,90,RU,1611098338
132,igede,10.0544,5.9416,77.72,17,8.55,0,NG,1611098338
133,cidreira,-30.1811,-50.2056,72.52,70,13.13,10,BR,1611098244
134,mandalgovi,45.7625,106.2708,13.89,78,7.99,0,MN,1611098339
135,katsuura,35.1333,140.3,37.99,41,9.22,40,JP,1611098055
136,codrington,-38.2667,141.9667,60.01,55,7.54,2,AU,1611098339
137,hasaki,35.7333,140.8333,30.2,59,3.44,20,JP,1611098339
138,berdigestyakh,62.0989,126.6992,-35.59,79,7.09,100,RU,1611098340
139,ponta delgada,37.7333,-25.6667,59.0,72,6.91,20,PT,1611098340
140,srandakan,-7.9386,110.2506,76.44,84,3.69,96,ID,1611098340
141,griffith,41.5284,-87.4237,30.2,80,6.91,90,US,1611098340
142,vanino,49.0869,140.2543,-6.95,68,10.2,0,RU,1611098341
143,birao,10.2849,22.7882,68.23,24,7.94,0,CF,1611098341
144,kijang,35.2442,129.2139,26.6,46,5.75,20,KR,1611098341
145,hobyo,5.3505,48.5268,76.96,79,18.28,60,SO,1611098342
146,georgetown,5.4112,100.3354,77.0,83,3.44,40,MY,1611098342
147,iqaluit,63.7506,-68.5145,28.4,100,5.55,90,CA,1611098342
148,kalengwa,-13.4659,25.0027,65.48,98,5.44,100,ZM,1611098342
149,vuktyl,63.8567,57.3094,-2.45,92,9.84,100,RU,1611098342
150,coihaique,-45.5752,-72.0662,71.6,33,11.5,75,CL,1611098343
151,kokstad,-30.5472,29.4241,62.49,92,3.74,63,ZA,1611098343
152,kungurtug,50.5994,97.5228,8.01,86,1.28,85,RU,1611098344
153,bathsheba,13.2167,-59.5167,78.8,65,23.02,20,BB,1611098344
154,yerbogachen,61.2767,108.0108,-46.5,77,3.42,100,RU,1611098344
155,saint george,37.1041,-113.5841,55.99,24,9.22,75,US,1611098344
156,dikson,73.5069,80.5464,-20.42,89,9.28,94,RU,1611098344
157,samarai,-10.6167,150.6667,85.64,74,14.09,100,PG,1611098345
158,pevek,69.7008,170.3133,-27.96,85,7.29,100,RU,1611098345
159,oktyabrskiy,54.4815,53.471,-1.55,92,4.61,100,RU,1611098345
160,chokurdakh,70.6333,147.9167,-37.93,83,2.89,48,RU,1611098346
161,yongchang,30.0381,119.7317,41.0,86,7.0,0,CN,1611098346
162,diamantino,-14.4086,-56.4461,72.25,93,1.83,100,BR,1611098346
163,lavrentiya,65.5833,-171.0,-14.96,83,4.54,18,RU,1611098346
164,dalbandin,28.8947,64.4101,55.87,38,5.64,0,PK,1611098346
165,airai,-8.9266,125.4092,64.26,100,2.82,100,TL,1611098347
166,prainha,-1.8,-53.48,78.19,80,4.56,73,BR,1611098347
167,coari,-4.085,-63.1414,74.95,97,2.71,84,BR,1611098348
168,vila franca do campo,37.7167,-25.4333,59.0,72,6.91,20,PT,1611098348
169,mwense,-10.3845,28.698,67.53,93,2.51,100,ZM,1611098348
170,trairi,-3.2778,-39.2689,79.97,78,11.16,100,BR,1611098348
171,cabo san lucas,22.8909,-109.9124,71.6,49,3.44,90,MX,1611098348
172,wick,58.4333,-3.0833,30.2,100,1.14,75,GB,1611098349
173,bend,44.0582,-121.3153,44.6,36,6.91,1,US,1611098216
174,atambua,-9.1061,124.8925,75.27,92,4.09,100,ID,1611098349
175,kayerkan,69.3497,87.7602,-26.79,85,1.63,100,RU,1611098349
176,derzhavinsk,51.1,66.3167,12.15,96,11.16,100,KZ,1611098349
177,east london,-33.0153,27.9116,70.56,73,18.95,71,ZA,1611098350
178,longyearbyen,78.2186,15.6401,19.4,63,19.57,75,SJ,1611098350
179,henties bay,-22.116,14.2845,66.0,87,2.28,95,NA,1611098350
180,loralai,30.3705,68.598,45.79,54,4.94,0,PK,1611098351
181,oyama,36.3,139.8,37.0,41,1.05,0,JP,1611098351
182,vostok,46.4856,135.8833,-19.44,85,4.59,4,RU,1611098351
183,giddalur,15.35,78.9167,64.76,81,0.78,0,IN,1611098351
184,hua hin,12.5707,99.9588,68.0,64,5.77,82,TH,1611098283
185,chuy,-33.6971,-53.4616,67.1,72,7.92,0,UY,1611098352
186,bahia honda,22.9036,-83.1592,71.42,79,13.11,83,CU,1611098352
187,timmins,48.4669,-81.3331,1.4,78,6.91,75,CA,1611098295
188,luderitz,-26.6481,15.1594,69.78,65,24.4,0,NA,1611098353
189,erzin,36.9559,36.2,39.99,60,8.99,65,TR,1611098353
190,xinyu,27.8043,114.9334,42.71,65,2.15,0,CN,1611098353
191,isangel,-19.55,169.2667,84.2,84,1.81,75,VU,1611098350
192,changtu,42.7788,124.0955,16.5,97,11.43,100,CN,1611098354
193,tiksi,71.6872,128.8694,-26.45,80,1.54,100,RU,1611098354
194,mehamn,71.0357,27.8492,23.0,93,9.22,90,NO,1611098354
195,jensen beach,27.2545,-80.2298,66.2,63,5.75,40,US,1611098354
196,provideniya,64.3833,-173.3,-2.2,78,8.95,90,RU,1611098355
197,port hardy,50.6996,-127.4199,44.6,87,3.44,75,CA,1611098104
198,sompeta,18.9333,84.6,69.55,72,7.02,0,IN,1611098355
199,mattawa,46.7379,-119.9028,46.4,57,9.22,1,US,1611098355
200,port blair,11.6667,92.75,77.18,72,8.57,95,IN,1611098356
201,dongsheng,39.8161,109.9776,16.43,75,9.66,0,CN,1611098356
202,kamenka,51.3223,42.7678,-0.99,87,4.63,90,RU,1611098356
203,grand-santi,4.25,-54.3833,75.07,81,4.14,100,GF,1611098356
204,pacatuba,-3.9842,-38.6203,81.0,89,3.44,75,BR,1611098356
205,baracoa,20.3467,-74.4958,76.37,81,10.31,100,CU,1611098110
206,petropavlovsk-kamchatskiy,53.0452,158.6483,21.2,49,11.18,100,RU,1611098357
207,kupang,-10.1667,123.5833,77.0,100,4.61,75,ID,1611098357
208,severo-kurilsk,50.6789,156.125,13.21,87,19.1,94,RU,1611098358
209,norfolk,42.1668,-71.2495,37.99,69,9.22,84,US,1611098105
210,kikwit,-5.041,18.8162,69.42,91,1.86,98,CD,1611098358
211,raudeberg,61.9875,5.1352,36.0,66,7.23,97,NO,1611098359
212,geraldton,-28.7667,114.6,77.0,65,10.36,90,AU,1611098359
213,alofi,-19.0595,-169.9187,84.2,79,5.75,40,NU,1611098359
214,lompoc,34.6391,-120.4579,66.99,39,11.5,41,US,1611098359
215,hervey bay,-25.2986,152.8535,81.0,73,8.01,99,AU,1611098360
216,ahipara,-35.1667,173.1667,65.62,57,14.29,61,NZ,1611098360
217,bokoro,12.3807,17.0568,70.16,22,16.53,0,TD,1611098360
218,pathein,16.7833,94.7333,67.24,83,2.51,0,MM,1611098361
219,abu dhabi,24.4667,54.3667,64.4,88,1.14,0,AE,1611098086
220,manjacaze,-24.7117,33.8828,72.88,95,3.98,7,MZ,1611098361
221,salinas,36.6777,-121.6555,69.8,13,18.41,1,US,1611098361
222,leningradskiy,69.3833,178.4167,-17.09,86,13.13,100,RU,1611098274
223,saint-augustin,51.226,-58.6502,16.14,90,16.42,6,CA,1611098362
224,socorro,31.6546,-106.3033,48.2,40,23.02,90,US,1611098362
225,garanhuns,-8.8903,-36.4928,67.05,92,12.55,97,BR,1611098362
226,sitka,57.0531,-135.33,39.2,81,12.66,75,US,1611098306
227,mount gambier,-37.8333,140.7667,64.4,52,13.8,0,AU,1611098363
228,awjilah,29.1081,21.2869,48.76,67,9.75,0,LY,1611098363
229,acapulco,16.8634,-99.8901,84.2,65,6.91,75,MX,1611098363
230,ngaoundere,7.3167,13.5833,64.13,27,5.35,1,CM,1611098363
231,santa vitoria do palmar,-33.5189,-53.3681,67.28,73,8.41,0,BR,1611098364
232,salalah,17.0151,54.0924,68.0,40,4.61,0,OM,1611098364
233,fushan,37.4958,121.2581,31.05,97,5.08,0,CN,1611098364
234,el vigia,8.6219,-71.6506,77.23,76,2.46,62,VE,1611098364
235,port hedland,-20.3167,118.5667,87.8,66,2.3,0,AU,1611098365
236,martvili,42.4144,42.3792,32.0,93,2.3,90,GE,1611098289
237,oltu,40.5498,42.0013,18.25,88,1.05,97,TR,1611098365
238,berlevag,70.8578,29.0864,26.6,63,19.57,75,NO,1611098365
239,arman,59.7,150.1667,-17.18,76,11.34,82,RU,1611098365
240,kavaratti,10.5669,72.642,81.59,71,6.24,0,IN,1611098366
241,kahului,20.8947,-156.47,84.2,51,9.82,40,US,1611098119
242,skibotn,69.3913,20.2679,21.99,73,3.44,0,NO,1611098366
243,komsomolskiy,40.4272,71.7189,41.0,87,6.91,90,UZ,1611098367
244,bandar,2.05,99.75,71.71,91,2.1,100,ID,1611098367
245,vanersborg,58.3807,12.3234,33.8,93,5.75,90,SE,1611098367
246,eyl,7.9803,49.8164,74.8,69,17.13,15,SO,1611098367
247,maniitsoq,65.4167,-52.9,30.2,85,7.02,100,GL,1611098368
248,nicoya,10.1483,-85.452,82.4,61,19.57,40,CR,1611098368
249,praia,14.9215,-23.5087,69.8,73,16.11,75,CV,1611098106
250,saskylakh,71.9167,114.0833,-20.56,86,7.87,100,RU,1611098308
251,nouadhibou,20.931,-17.0347,62.6,59,18.41,100,MR,1611098369
252,porto novo,6.4965,2.6036,82.4,89,11.5,40,BJ,1611098369
253,sakaiminato,35.55,133.2333,32.0,93,1.14,20,JP,1611098369
254,yeniseysk,58.4497,92.1703,-15.59,87,5.35,98,RU,1611098369
255,arraial do cabo,-22.9661,-42.0278,77.0,83,16.11,0,BR,1611098370
256,darnah,32.767,22.6367,54.32,64,22.48,17,LY,1611098370
257,bandarbeyla,9.4942,50.8122,73.74,78,20.42,100,SO,1611098370
258,lagoa,39.05,-27.9833,59.81,73,19.69,100,PT,1611098370
259,dunedin,-45.8742,170.5036,54.09,64,18.84,96,NZ,1611098302
260,pedra azul,-16.0053,-41.2972,69.51,67,8.1,0,BR,1611098371
261,rocha,-34.4833,-54.3333,68.77,64,4.52,0,UY,1611098371
262,eten,-6.9081,-79.8642,75.2,64,21.85,0,PE,1611098371
263,usinsk,65.9939,57.5281,-4.25,92,9.17,100,RU,1611098372
264,barcelos,41.5388,-8.6151,53.6,76,31.07,75,PT,1611098169
265,torbay,47.6666,-52.7314,33.01,86,20.71,90,CA,1611098372
266,genhe,50.7833,121.5167,-9.2,88,0.6,100,CN,1611098112
267,chulym,55.0997,80.9572,-23.1,88,1.23,0,RU,1611098373
268,tonota,-21.4833,27.4833,66.27,86,7.63,75,BW,1611098373
269,tuktoyaktuk,69.4541,-133.0374,3.2,78,13.8,90,CA,1611098373
270,ostrovnoy,68.0531,39.5131,16.29,95,25.05,100,RU,1611098288
271,dargaville,-35.9333,173.8833,67.3,53,15.41,55,NZ,1611098373
272,ribeira do pombal,-10.8344,-38.5358,74.88,72,9.91,85,BR,1611098374
273,vao,-22.6667,167.4833,79.12,81,8.08,90,NC,1611098374
274,tateyama,34.9833,139.8667,37.99,32,5.01,51,JP,1611098374
275,lewistown,40.5992,-77.5714,35.6,55,14.97,1,US,1611098125
276,road town,18.4167,-64.6167,80.6,74,14.97,40,VG,1611098367
277,inverell,-29.7833,151.1167,79.0,54,4.0,0,AU,1611098375
278,ponta do sol,32.6667,-17.1,61.0,81,12.91,96,PT,1611098198
279,santa rosa,14.3122,121.1114,77.0,88,2.3,75,PH,1611098375
280,kruisfontein,-34.0033,24.7314,66.0,81,1.99,5,ZA,1611098375
281,nuevo progreso,23.1667,-97.95,73.99,64,4.0,89,MX,1611098376
282,west wendover,40.7391,-114.0733,39.2,30,8.05,1,US,1611098376
283,raymondville,26.4815,-97.7831,73.4,73,16.11,90,US,1611098376
284,vila do maio,15.1333,-23.2167,69.8,73,16.11,75,CV,1611098377
285,soyo,-6.1349,12.3689,79.99,79,6.73,83,AO,1611098323
286,ilulissat,69.2167,-51.1,30.2,55,6.91,75,GL,1611098301
287,fredericksburg,38.3032,-77.4605,46.4,57,5.75,1,US,1611098378
288,talnakh,69.4865,88.3972,-27.51,84,1.19,100,RU,1611098378
289,constitucion,-35.3333,-72.4167,63.63,80,5.91,13,CL,1611098378
290,jevargi,17.0167,76.7667,67.96,65,7.38,0,IN,1611098378
291,sulphur,30.2366,-93.3774,69.8,64,6.91,1,US,1611098379
292,lorengau,-2.0226,147.2712,84.47,69,8.16,99,PG,1611098379
293,upernavik,72.7868,-56.1549,21.24,76,5.79,100,GL,1611098379
294,mariinsk,56.2139,87.7472,-19.8,87,5.57,87,RU,1611098380
295,xichang,27.8964,102.2634,46.0,65,0.58,84,CN,1611098380
296,biak,-0.9131,122.8766,77.09,82,1.57,100,ID,1611098380
297,qui nhon,13.7667,109.2333,64.9,83,6.96,39,VN,1611098256
298,chongwe,-15.3292,28.682,68.0,94,2.3,75,ZM,1611098381
299,honiara,-9.4333,159.95,80.01,78,2.17,100,SB,1611098381
300,diffa,13.3154,12.6113,66.45,28,13.69,0,NE,1611098381
301,montepuez,-13.1256,38.9997,71.37,96,2.06,100,MZ,1611098382
302,takoradi,4.8845,-1.7554,79.02,87,9.89,21,GH,1611098382
303,armilla,37.141,-3.6185,45.0,86,1.14,0,ES,1611098382
304,san cristobal,7.7669,-72.225,82.4,65,6.91,40,VE,1611098383
305,merauke,-8.4667,140.3333,83.48,76,2.15,91,ID,1611098383
306,coquimbo,-29.9533,-71.3436,62.6,72,9.22,0,CL,1611098383
307,nuuk,64.1835,-51.7216,35.6,60,21.85,90,GL,1611098383
308,zhuhai,22.2769,113.5678,64.4,77,9.22,20,CN,1611098384
309,sterling,39.0062,-77.4286,45.0,26,4.61,20,US,1611098281
310,qurayyat,31.3318,37.3428,50.0,76,4.61,75,SA,1611098384
311,laela,-8.5667,32.05,61.72,94,2.82,100,TZ,1611098384
312,yenagoa,4.9247,6.2642,77.56,85,4.47,53,NG,1611098357
313,ballina,-28.8667,153.5667,73.4,68,12.66,90,AU,1611098385
314,mar del plata,-38.0023,-57.5575,70.0,78,10.36,0,AR,1611098285
315,tura,25.5198,90.2201,57.52,60,4.79,0,IN,1611098226
316,ocean city,39.2776,-74.5746,42.8,42,3.44,1,US,1611098139
317,mareeba,-17.0,145.4333,80.01,85,3.0,97,AU,1611098386
318,simeykyne,48.3264,39.5337,-1.57,93,6.67,19,UA,1611098386
319,bogovarovo,58.9785,47.0246,-6.47,91,3.27,98,RU,1611098386
320,malibu,34.005,-118.8101,69.01,18,8.01,70,US,1611098387
321,hualmay,-11.0964,-77.6139,73.26,76,7.87,49,PE,1611098387
322,dombarovskiy,50.7587,59.5386,3.45,94,9.22,91,RU,1611098387
323,kalmunai,7.4167,81.8167,74.62,93,8.93,39,LK,1611098387
324,pueblo bello,8.2041,-76.526,79.02,80,4.83,24,CO,1611098388
325,izhma,65.0083,53.9113,1.96,93,7.78,100,RU,1611098388
326,dodge city,37.7528,-100.0171,46.4,31,9.22,1,US,1611098388
327,panzhihua,26.5851,101.7128,41.0,88,0.96,2,CN,1611098388
328,adrar,20.5022,-10.0711,58.66,28,11.34,29,MR,1611098389
329,nome,64.5011,-165.4064,-7.6,71,3.4,1,US,1611098245
330,storforshei,66.4043,14.5233,11.52,85,8.05,48,NO,1611098389
331,half moon bay,37.4636,-122.4286,64.99,17,23.02,1,US,1611098389
332,hope,33.6671,-93.5916,54.0,71,2.59,98,US,1611098390
333,broken hill,-31.95,141.4333,73.4,21,10.36,77,AU,1611098390
334,toppenish,46.3774,-120.3087,46.4,57,9.22,1,US,1611098359
335,baykit,61.67,96.37,-27.4,80,1.25,99,RU,1611098391
336,embonas,36.2269,27.8564,46.4,34,20.71,20,GR,1611098391
337,moree,-29.4667,149.85,82.4,44,11.5,0,AU,1611098391
338,magaria,12.9983,8.9099,65.21,26,10.94,0,NE,1611098391
339,linhares,-19.3911,-40.0722,73.31,81,4.36,5,BR,1611098392
340,benguela,-12.5763,13.4055,74.97,73,2.48,100,AO,1611098392
341,omsukchan,62.5333,155.8,-40.4,78,5.57,60,RU,1611098392
342,ambulu,-8.345,113.6058,75.94,85,2.13,100,ID,1611098393
343,pisco,-13.7,-76.2167,73.4,73,24.16,0,PE,1611098393
344,boddam,57.4667,-1.7833,37.0,93,4.61,75,GB,1611098232
345,la paz,-16.5,-68.15,50.0,76,9.22,75,BO,1611098393
346,palmer,42.1584,-72.3287,33.01,80,6.91,75,US,1611098393
347,fort-shevchenko,44.5086,50.263,25.18,92,6.24,41,KZ,1611098394
348,makakilo city,21.3469,-158.0858,84.2,48,11.5,1,US,1611098394
349,teknaf,20.8624,92.3058,60.17,69,5.23,0,BD,1611098394
350,valleyview,55.0667,-117.2859,42.8,52,29.93,100,CA,1611098395
351,mahajanga,-15.7167,46.3167,78.8,89,3.44,40,MG,1611098395
352,grand gaube,-20.0064,57.6608,79.0,88,7.56,42,MU,1611098395
353,sunndalsora,62.6754,8.5515,32.0,55,3.44,98,NO,1611098395
354,cabedelo,-6.9811,-34.8339,80.6,78,8.05,40,BR,1611098395
355,nantucket,41.2835,-70.0995,37.4,65,8.05,90,US,1611098160
356,zhigansk,66.7697,123.3711,-51.99,75,6.46,54,RU,1611098396
357,tautira,-17.7333,-149.15,86.0,62,6.91,40,PF,1611098396
358,riyadh,24.6877,46.7219,57.2,33,8.05,0,SA,1611098396
359,ketchikan,55.3422,-131.6461,39.2,87,3.44,75,US,1611098097
360,buala,-8.145,159.5921,85.01,68,4.81,89,SB,1611098397
361,hernani,43.2662,-1.9762,57.2,41,6.91,0,ES,1611098397
362,pemangkat,1.1667,108.9667,77.4,88,7.92,99,ID,1611098398
363,khani,41.9563,42.9566,32.0,93,2.3,90,GE,1611098398
364,sault sainte marie,46.5168,-84.3333,19.4,68,13.8,90,CA,1611098398
365,ipixuna,-1.7625,-48.8043,78.8,83,5.75,75,BR,1611098398
366,jaciara,-15.9653,-54.9683,73.42,93,2.26,100,BR,1611098399
367,ixtapa,20.7,-105.2,75.2,78,8.05,75,MX,1611098399
368,tabou,4.423,-7.3528,79.45,83,7.65,14,CI,1611098399
369,letka,59.6011,49.4232,-7.87,91,2.68,87,RU,1611098399
370,walvis bay,-22.9575,14.5053,66.0,82,8.05,91,NA,1611098400
371,haines junction,60.7522,-137.5108,28.4,80,1.14,100,CA,1611098400
372,tambacounda,13.7539,-13.7586,78.8,21,6.91,52,SN,1611098400
373,dolinsk,47.35,142.8,-5.8,77,4.47,75,RU,1611098400
374,geldern,51.5167,6.3333,45.0,91,5.99,100,DE,1611098401
375,shieli,44.1667,66.75,34.57,90,9.6,56,KZ,1611098404
376,rio gallegos,-51.6226,-69.2181,60.8,51,34.52,40,AR,1611098308
377,bethel,41.3712,-73.414,33.01,74,6.26,1,US,1611098404
378,carballo,43.213,-8.691,50.0,87,11.99,100,ES,1611098404
379,tommot,58.9564,126.2925,-17.09,85,1.92,100,RU,1611098405
380,suez,29.9737,32.5263,55.89,57,7.43,66,EG,1611098405
381,tikhvin,59.6451,33.5294,7.88,96,4.74,100,RU,1611098405
382,sydney,-33.8679,151.2073,70.0,56,12.66,90,AU,1611098195
383,bay roberts,47.5999,-53.2648,32.0,84,4.0,45,CA,1611098406
384,tukrah,32.5341,20.5791,52.83,64,14.18,36,LY,1611098406
385,galle,6.0367,80.217,75.99,87,4.54,95,LK,1611098407
386,san andres,12.5847,-81.7006,82.4,74,18.41,40,CO,1611098407
387,sinnamary,5.3833,-52.95,77.14,81,12.28,94,GF,1611098407
388,sao joao do paraiso,-15.3136,-42.0144,67.98,74,9.08,6,BR,1611098408
389,nata,8.3333,-80.5167,84.2,61,11.5,20,PA,1611098408
390,roma,43.2128,-75.4557,30.99,74,8.05,75,US,1611098210
391,ayia galini,35.1,24.6833,48.0,56,10.87,24,GR,1611098409
392,beringovskiy,63.05,179.3167,-15.32,89,17.25,100,RU,1611098409
393,marawi,7.9986,124.2928,73.99,97,4.0,97,PH,1611098409
394,comodoro rivadavia,-45.8667,-67.5,71.6,53,16.11,0,AR,1611098409
395,kailua,21.4022,-157.7394,82.4,65,11.5,75,US,1611098409
396,guerrero negro,27.9769,-114.0611,70.52,51,20.24,36,MX,1611098221
397,nosy varika,-20.5833,48.5333,77.74,88,3.53,86,MG,1611098410
398,boma,7.0805,-2.1697,77.14,72,2.55,24,GH,1611098410
399,carauari,-4.8828,-66.8958,72.36,98,1.9,100,BR,1611098411
400,garlasco,45.1974,8.9238,34.0,94,3.0,97,IT,1611098411
401,qaqortoq,60.7167,-46.0333,41.0,33,32.21,20,GL,1611098411
402,lata,40.1629,-8.3327,55.99,76,5.99,100,PT,1611098412
403,taseyevo,57.2169,94.8978,-8.75,87,8.59,100,RU,1611098412
404,liuzhou,24.3126,109.3892,51.82,63,1.52,4,CN,1611098412
405,rapid valley,44.0625,-103.1463,37.4,41,6.91,1,US,1611098413
406,gidam,18.9833,81.4,62.64,62,2.57,0,IN,1611098352
407,argelia,2.2556,-77.2488,68.13,79,1.07,89,CO,1611098413
408,penzance,50.1186,-5.5371,51.8,100,31.07,90,GB,1611098413
409,stornoway,58.2093,-6.3865,32.0,93,1.14,52,GB,1611098414
410,tinskoy,56.1525,96.9161,-2.31,90,13.24,100,RU,1611098414
411,horodnytsya,50.807,27.3168,5.9,94,6.69,0,UA,1611098414
412,tambau,-21.705,-47.2744,78.8,78,9.22,40,BR,1611098408
413,jardim,-21.4803,-56.1381,71.73,97,3.24,100,BR,1611098415
414,kurilsk,45.2333,147.8833,14.92,90,21.52,99,RU,1611098415
415,vanimo,-2.6741,141.3028,81.59,76,1.9,100,PG,1611098415
416,micheweni,-4.9667,39.8333,80.55,76,10.0,98,TZ,1611098415
417,teguise,29.0605,-13.564,55.4,88,3.44,20,ES,1611098416
418,iwade,34.25,135.3167,39.2,56,9.22,75,JP,1611098416
419,spassk-ryazanskiy,54.4072,40.3806,3.25,94,5.57,100,RU,1611098416
420,saint-georges,12.0564,-61.7485,78.8,78,10.36,20,GD,1611098417
421,sabzevar,36.2126,57.6819,42.89,58,5.48,0,IR,1611098417
422,forestville,38.8451,-76.875,48.2,26,5.75,1,US,1611098292
423,puerto gaitan,4.3133,-72.0816,86.07,44,9.15,16,CO,1611098418
424,doctor arroyo,23.6667,-100.1833,73.56,28,9.91,93,MX,1611098418
425,beisfjord,68.3751,17.5988,24.8,63,13.8,17,NO,1611098419
426,pochutla,15.7432,-96.4661,87.8,45,8.05,75,MX,1611098419
427,dudinka,69.4058,86.1778,-38.34,82,2.51,100,RU,1611098419
428,lima,-12.0432,-77.0282,73.4,73,14.97,0,PE,1611097885
429,shakawe,-18.3667,21.85,68.81,94,5.26,100,BW,1611098420
430,shingu,33.7333,135.9833,33.8,69,4.61,20,JP,1611098420
431,passo fundo,-28.2628,-52.4067,67.3,83,8.5,95,BR,1611098420
432,jumla,29.2747,82.1838,31.71,83,2.59,3,NP,1611098421
433,turmalina,-17.2856,-42.73,66.34,78,4.34,43,BR,1611098422
434,pokhara,28.2333,83.9833,54.3,54,2.8,88,NP,1611098422
435,gornopravdinsk,60.05,69.9,-21.1,84,4.07,27,RU,1611098423
436,winslow,35.0242,-110.6974,37.4,93,13.8,90,US,1611098175
437,kosh-agach,50.0,88.6667,0.82,78,1.01,11,RU,1611098423
438,jasper,37.2001,-94.3502,42.01,48,5.75,1,US,1611098423
439,port said,31.2565,32.2841,53.6,87,8.05,40,EG,1611098425
440,ust-tsilma,65.441,52.1498,4.5,94,6.38,100,RU,1611098425
441,naples,40.8333,14.25,48.0,93,3.44,75,IT,1611098425
442,gagnoa,6.1293,-5.9437,75.54,84,4.03,47,CI,1611098425
443,katobu,-4.9408,122.5276,77.97,85,5.82,100,ID,1611098426
444,elko,41.0002,-115.5012,39.0,38,13.0,0,US,1611098426
445,srikakulam,18.3,83.9,66.94,85,4.03,0,IN,1611098426
446,jalu,29.0331,21.5482,48.99,65,10.42,0,LY,1611098426
447,mikkeli,61.6886,27.2723,28.0,98,6.08,89,FI,1611098133
448,esso,55.9333,158.7,3.87,87,3.2,100,RU,1611098427
449,cayenne,4.9333,-52.3333,75.2,88,11.5,75,GF,1611098157
450,buluang,13.3068,123.3425,74.82,90,2.98,76,PH,1611098427
451,hamina,60.5697,27.1979,30.2,100,8.05,90,FI,1611098428
452,cornwall,45.0181,-74.7281,21.2,86,3.44,90,CA,1611098428
453,misawa,40.6836,141.3597,24.8,86,16.11,75,JP,1611098428
454,miri,4.4148,114.0089,75.2,100,3.44,40,MY,1611098428
455,son la,21.3167,103.9,47.82,89,2.98,0,VN,1611098429
456,lobito,-12.3481,13.5456,75.36,72,2.75,100,AO,1611098429
457,byron bay,-28.65,153.6167,73.4,68,12.66,90,AU,1611098304
458,tilichiki,60.4667,166.1,-24.25,85,14.52,92,RU,1611098429
459,mikun,62.3547,50.0771,1.58,93,6.55,100,RU,1611098430
460,zhangye,38.9342,100.4517,21.45,60,6.42,23,CN,1611098430
461,opuwo,-18.0607,13.84,70.61,59,1.77,98,NA,1611098430
462,esil,51.9556,66.4042,7.7,93,14.5,100,KZ,1611098430
463,morristown,36.214,-83.2949,48.2,46,9.22,1,US,1611098273
464,skjervoy,70.0311,20.9714,24.19,90,23.69,1,NO,1611098431
465,san patricio,28.017,-97.5169,73.4,73,18.41,90,US,1611098431
466,debre birhan,9.6833,39.5333,45.05,69,3.98,54,ET,1611098431
467,swan hill,-35.3378,143.5544,65.5,36,8.39,0,AU,1611098431
468,portland,45.5234,-122.6762,53.01,54,3.44,40,US,1611097880
469,misratah,32.3754,15.0925,55.45,52,4.12,68,LY,1611098432
470,porto nacional,-10.7081,-48.4172,82.4,74,6.91,40,BR,1611098432
471,faanui,-16.4833,-151.75,81.25,73,14.72,7,PF,1611098432
472,praya,14.9215,-23.5087,69.8,73,16.11,75,CV,1611098433
473,civitanova marche,43.307,13.7206,39.99,100,2.3,11,IT,1611098433
474,camacari,-12.6975,-38.3242,80.6,65,17.27,40,BR,1611098323
475,natal,-5.795,-35.2094,80.6,78,10.36,75,BR,1611098433
476,piacabucu,-10.4056,-36.4344,78.04,80,10.71,99,BR,1611098433
477,savannah bight,16.45,-85.85,81.0,78,3.44,40,HN,1611098434
478,hami,42.8,93.45,14.95,77,1.34,86,CN,1611098434
479,suluq,31.6682,20.2521,50.32,68,4.9,9,LY,1611098434
480,fairbanks,64.8378,-147.7164,21.2,79,10.36,75,US,1611098432
481,malkapur,20.8833,76.2,68.11,46,3.27,0,IN,1611098435
482,port lincoln,-34.7333,135.8667,68.04,64,12.26,8,AU,1611098435
483,staryy nadym,65.6118,72.6842,-25.98,85,5.48,96,RU,1611098436
484,sokoni,-6.4333,39.55,78.8,89,13.2,1,TZ,1611098436
485,ponte san nicolo,45.3705,11.9211,36.0,82,3.31,100,IT,1611098436
486,kedrovyy,56.1667,91.8167,-4.0,65,13.42,0,RU,1611098436
487,port hawkesbury,45.6169,-61.3485,23.0,68,19.57,90,CA,1611098437
488,ewa beach,21.3156,-158.0072,84.2,48,11.5,1,US,1611098437
489,kropotkin,45.4375,40.5756,15.93,97,3.94,98,RU,1611098437
490,kalianget,-7.05,113.9333,77.47,86,9.55,100,ID,1611098437
491,flin flon,54.7682,-101.865,6.8,85,13.8,90,CA,1611098242
492,grand-lahou,5.1367,-5.0242,79.21,86,8.57,7,CI,1611098438
493,churapcha,62.0025,132.4325,-51.09,75,5.21,3,RU,1611098438
494,nong kung si,16.65,103.3,57.2,77,2.3,6,TH,1611098438
495,beloha,-25.1667,45.05,75.61,80,12.35,87,MG,1611098439
496,puerto escondido,15.85,-97.0667,78.8,73,6.91,20,MX,1611098227
497,batagay,67.6333,134.6333,-34.46,80,1.45,100,RU,1611098439
498,tazovskiy,67.4667,78.7,-27.47,86,6.82,74,RU,1611098439
499,sao desiderio,-12.3633,-44.9733,74.19,64,2.91,20,BR,1611098440
500,noumea,-22.2763,166.4572,82.0,94,2.3,75,NC,1611098440
501,tymovskoye,50.8456,142.655,-16.04,82,1.45,81,RU,1611098440
502,ulladulla,-35.35,150.4667,68.0,52,9.22,40,AU,1611098440
503,kirakira,-10.4544,161.9205,85.39,67,8.25,68,SB,1611098441
504,villazon,-22.0866,-65.5942,53.28,60,16.49,65,BO,1611098441
505,sorong,-0.8833,131.25,81.25,80,6.73,79,ID,1611098441
506,mikhaylovka,50.06,43.2379,-6.5,91,5.37,44,RU,1611098442
507,tabas,33.5959,56.9244,44.6,33,4.61,43,IR,1611098240
508,saint anthony,45.0205,-93.218,12.99,62,9.22,1,US,1611098209
509,marrakesh,31.6315,-8.0083,50.0,81,8.05,0,MA,1611098378
510,boca raton,26.3587,-80.0831,69.01,56,10.36,1,US,1611098443
511,batagay-alyta,67.8006,130.4114,-35.72,80,1.41,92,RU,1611098444
512,namchi,27.1667,88.35,47.66,74,1.99,83,IN,1611098444
513,tromso,69.6496,18.957,21.99,73,3.44,0,NO,1611098345
514,araria,26.15,87.5167,57.79,76,5.73,0,IN,1611098444
515,meulaboh,4.1363,96.1285,75.16,88,4.0,98,ID,1611098444
516,sao joaquim,-28.2939,-49.9317,57.83,98,2.75,100,BR,1611098445
517,leh,34.1667,77.5833,6.57,69,0.47,0,IN,1611098445
518,maniwaki,46.3834,-75.966,17.6,86,2.26,100,CA,1611098445
519,sibolga,1.7427,98.7792,75.49,78,2.51,100,ID,1611098225
520,towada,40.6127,141.2067,23.0,86,16.11,75,JP,1611098446
521,phalodi,27.1333,72.3667,54.57,40,5.35,0,IN,1611098446
522,clyde river,70.4692,-68.5914,1.4,92,10.36,75,CA,1611098446
523,pravda,46.9396,142.009,-5.8,77,4.47,75,RU,1611098447
524,valdivia,-39.8142,-73.2459,82.4,42,9.22,0,CL,1611098285
525,rudnichnyy,59.617,52.4703,-7.22,91,1.52,78,RU,1611098447
526,ribas do rio pardo,-20.4431,-53.7592,72.99,94,9.73,100,BR,1611098447
527,kabanjahe,3.1001,98.4908,75.2,100,2.3,40,ID,1611098447
528,klyuchi,52.2667,79.1667,-7.44,89,7.02,95,RU,1611098448
529,saint-pierre,-21.3393,55.4781,80.6,74,2.3,0,RE,1611098448
530,wazirabad,32.4458,74.1159,51.8,87,5.23,0,PK,1611098448
531,kichera,55.9375,110.0997,-4.65,80,1.61,100,RU,1611098448
532,victoria,22.2855,114.1577,64.0,69,1.01,94,HK,1611098362
533,amalapuram,16.5833,82.0167,63.23,93,2.68,0,IN,1611098449
534,alytus,54.4,24.05,12.2,67,9.22,90,LT,1611098449
535,chifeng,42.2683,118.9636,8.51,90,6.33,5,CN,1611098449
536,aitape,-3.1374,142.3475,82.02,74,2.89,80,PG,1611098450
537,ayan,56.45,138.1667,-15.43,78,4.25,0,RU,1611098450
538,melo,-32.3667,-54.1833,69.12,64,10.22,0,UY,1611098450
539,kharp,66.8014,65.8081,-20.42,85,4.25,100,RU,1611098450
540,aswan,24.0934,32.907,52.39,45,10.45,10,EG,1611098451
541,carberry,49.8689,-99.3602,3.2,78,10.36,90,CA,1611098451
542,progreso,21.2833,-89.6667,82.99,54,16.11,75,MX,1611098451
543,lerik,38.7726,48.4128,35.6,100,9.22,90,AZ,1611098451
544,buenaventura,3.8801,-77.0312,77.7,89,3.49,20,CO,1611098452
545,yakeshi,49.2833,120.7333,4.59,89,2.01,100,CN,1611098452
546,sungaipenuh,-2.0833,101.3833,61.95,93,2.84,80,ID,1611098453
547,anqiu,36.4342,119.1925,31.51,98,6.58,1,CN,1611098453
548,whitehorse,60.7161,-135.0538,28.4,69,5.75,20,CA,1611098240
549,yar-sale,66.8333,70.8333,-28.34,84,4.23,72,RU,1611098453
550,rawson,-43.3002,-65.1023,75.76,45,19.73,37,AR,1611098454
551,okhotsk,59.3833,143.3,-5.49,83,6.89,100,RU,1611098454
552,pimenteiras,-6.2453,-41.4192,77.07,70,3.22,100,BR,1611098455
553,dali,25.7,100.1833,40.55,85,3.96,46,CN,1611098455
554,vardo,70.3705,31.1107,19.4,73,10.36,40,NO,1611098455
555,atarra,25.2833,80.5667,54.19,74,5.21,0,IN,1611098455
556,deputatskiy,69.3,139.9,-36.58,85,0.98,85,RU,1611098455
557,masvingo,-20.0637,30.8277,64.13,92,1.05,100,ZW,1611098456
558,uruzgan,32.8333,66.0,39.09,65,8.14,0,AF,1611098456
559,denpasar,-8.65,115.2167,80.6,89,4.61,40,ID,1611098211
560,goderich,43.7501,-81.7165,28.4,64,16.11,100,CA,1611098456
561,jagdalpur,19.0667,82.0333,60.28,65,2.8,0,IN,1611098457
562,kalevala,65.2,31.1667,4.89,94,3.44,30,RU,1611098457
563,puliyur,10.6333,78.8333,75.2,83,4.61,40,IN,1611098457
564,poum,-20.2333,164.0167,79.72,75,1.14,94,NC,1611098457
565,san luis,-33.295,-66.3356,82.42,29,2.66,0,AR,1611098458
566,wald-michelbach,49.57,8.8317,39.99,68,7.85,87,DE,1611098458
567,dukat,62.55,155.55,-40.5,80,5.59,69,RU,1611098458
568,saint-marc,19.1082,-72.6938,79.05,67,9.1,100,HT,1611098216
569,brates,45.8333,26.0667,24.01,88,2.3,100,RO,1611098459
570,robertsport,6.7533,-11.3686,79.97,84,9.8,100,LR,1611098459
571,westport,41.1415,-73.3579,37.99,56,6.91,1,US,1611098459
572,cotonou,6.3654,2.4183,82.4,89,11.5,40,BJ,1611098459
573,buin,-33.7333,-70.75,82.99,36,4.61,0,CL,1611098459
574,samana,19.2056,-69.3369,75.2,94,8.21,75,DO,1611098460
575,moba,33.2288,105.0179,28.87,92,1.97,100,CN,1611098460
576,orotukan,62.2667,151.7,-38.04,79,1.63,55,RU,1611098460
577,flinders,-34.5833,150.8552,71.01,63,4.0,68,AU,1611098461
578,kenai,60.5544,-151.2583,33.01,69,12.66,1,US,1611098461
579,labuhan,-6.8844,112.2051,77.23,88,7.4,100,ID,1611098461
580,port keats,-14.25,129.55,78.35,84,8.12,68,AU,1611098461
581,am timan,11.0297,20.2827,68.99,23,5.57,0,TD,1611098462
582,osterburg,52.7833,11.7667,46.0,80,5.99,100,DE,1611098462
583,tukums,56.9669,23.1553,10.4,85,9.22,0,LV,1611098463
584,vaitape,-16.5167,-151.75,81.27,73,14.74,3,PF,1611098463
585,vanavara,60.34,102.2797,-35.45,82,4.27,91,RU,1611098463
586,taiyuan,37.8694,112.5603,15.8,73,0.85,18,CN,1611098463
587,ust-maya,60.4167,134.5333,-50.35,74,2.17,2,RU,1611098464
588,tsivilsk,55.8611,47.4664,-2.2,84,4.47,40,RU,1611098464
589,nizwa,22.9333,57.5333,57.85,55,1.43,0,OM,1611098420
590,ternate,0.8,127.4,81.86,79,5.14,99,ID,1611098465
591,altay,47.8667,88.1167,16.11,72,2.48,97,CN,1611098465
592,ilo,-17.6394,-71.3375,70.84,78,4.21,95,PE,1611098245
593,jawhar,2.7809,45.5005,71.85,87,13.56,99,SO,1611098465
594,azul,-36.777,-59.8585,79.25,34,8.61,0,AR,1611098295
595,pangnirtung,66.1451,-65.7125,35.6,55,24.16,75,CA,1611098466
596,kaeo,-35.1,173.7833,69.24,52,12.17,46,NZ,1611098466
597,hirara,24.8,125.2833,68.0,68,13.8,75,JP,1611098466
598,mitu,1.1983,-70.1733,74.71,86,1.19,100,CO,1611098300
599,santa maria,-29.6842,-53.8069,80.6,50,11.5,0,BR,1611098237
600,surt,31.2089,16.5887,56.52,64,9.26,42,LY,1611098467
601,kjustendil,42.2839,22.6911,27.0,85,3.13,8,BG,1611098467
602,luanda,-8.8368,13.2343,77.0,83,8.05,40,AO,1611098467
603,novyye burasy,52.1324,46.0714,-0.99,56,1.01,85,RU,1611098467
604,gua musang,4.8823,101.9644,67.55,93,1.61,100,MY,1611098468
605,caravelas,-17.7125,-39.2481,75.2,82,5.23,0,BR,1611098468
606,evensk,61.95,159.2333,-13.16,77,12.03,0,RU,1611098468
607,warragul,-38.1667,145.9333,64.99,58,10.0,1,AU,1611098469
608,bintulu,3.1667,113.0333,75.2,100,4.61,40,MY,1611098469
609,olinda,-8.0089,-34.8553,78.8,69,10.36,40,BR,1611098469
610,zubtsov,56.1753,34.5894,1.26,93,4.74,42,RU,1611098469
611,mvuma,-19.2792,30.5283,61.21,96,4.68,100,ZW,1611098470
612,rio grande,-32.035,-52.0986,72.0,74,11.63,0,BR,1611098212
613,chapais,49.7834,-74.8492,-2.2,78,3.44,90,CA,1611098263
614,salinopolis,-0.6136,-47.3561,78.22,84,11.54,100,BR,1611098417
